Battery Power* [uW] (Delta),Battery Power* [uW] (Raw),Battery Remaining (%) [%]
209072.33764801954,1128782.4605517387,99.46666666666667
